Фото,Камень,Номер,Адрес,Огранка,Кол-во,Вес ct,Длина,Ширин,Глубин,Цена $ за  ct
,изумруд,1,больш,фантазийная,1,12.89,15.0,20.7,7.2,3000
,изумруд,2,больш,фантазийная,1,9.95,17.5,9.5,8.5,600
,изумруд,7,больш,фантазийная,1,12.92,16.5,13.5,,420
,изумруд,8,11,октагон,1,4.76,11.2,7.8,,160
,изумруд,10,больш,октагон,1,13.39,18.8,9.5,,320
,изумруд,11,больш,октагон,1,5.23,15.9,7.0,,360
,шпинель (лаб),95,5,круг,3,4.11,"8,9 5,4",,"5    3,1",200 за лот 
,александрит (лаб),96,21,фантазийная,3,13.64,10.7,7.6,6.4,300 за лот
,александрит,98,5,овал,1,9.11,18.0,9.9,6.7,180
,александрит,99,5,овал,1,9.07,17.1,10.1,6.8,180
,изумруд,1'1,11,октагон,1,1.13,7.0,5.0,4.2,200
,изумруд,1'10,18,багет,1,1.38,8.7,4.7,4.4,150
,изумруд,1'2,18,октагон,1,1.03,8.3,4.8,3.1,350
,изумруд,1'3,11,октагон,1,2.10,9.0,5.9,5.5,300
,изумруд,1'4,18,багет,1,3.31,12.0,6.0,5.4,480
,изумруд,1'5,18,октагон,1,2.48,13.5,5.1,4.2,200
,изумруд,1'6,18,октагон,1,2.00,11.5,4.6,4.6,220
,изумруд,1'7,18,октагон,1,1.77,11.1,4.8,4.3,220
,изумруд,1'8,18,багет,1,1.39,8.8,4.6,4.5,120
,изумруд,1'9,18,багет,1,1.00,9.8,4.3,2.6,90
,изумруд,2'1,18,багет,1,0.91,8.6,3.8,3.2,450
,изумруд,2'10,18,принцесса,1,0.74,4.8,4.8,4.2,80
,изумруд,2'2,18,багет,1,1.14,6.7,5.1,4.8,380
,изумруд,2'3,18,ашер,1,1.10,5.3,5.5,5.4,260
,изумруд,2'4,18,багет,1,1.52,8.10,5.0,4.8,150
,изумруд,2'5,18,багет,1,1.03,8.1,5.7,3.3,100
,изумруд,2'6,18,багет,1,1.05,6.5,4.8,4.4,380
,изумруд,2'7,18,принцесса,1,1.05,5.2,5.5,4.3,260
,изумруд,2'8,18,фантазийная,1,0.52,5.6,4.5,3.8,220
,изумруд,2'9,18,багет,1,0.38,5.4,3.6,2.2,180
,изумруд,3'1,18,багет,1,0.78,5.5,4.9,3.8,450
,изумруд,3'10,18,фантазийная,1,2.55,11.8,6.4,4.6,700
,изумруд,3'2,18,багет,1,0.25,4.7,3.2,2.4,200
,изумруд,3'3,4,багет,1,0.35,5.2,3.1,2.4,150
,изумруд,3'4,18,багет,1,0.47,5.2,3.6,3.1,280
,изумруд,3'5,18,принцесса,1,0.74,5.0,4.8,4.1,250
,изумруд,3'6,14,багет,1,1.06,7.6,4.1,4.2,300
,изумруд,3'7,18,багет,1,0.79,6.0,4.4,3.8,220
,изумруд,3'8,18,багет,1,0.83,8.6,4.0,2.7,140
,изумруд,3'9,18,ромб,1,1.91,11.3,7.5,5.6,150
,изумруд,4'1,18,багет,1,0.93,7.7,4.3,3.5,450
,изумруд,4'10,18,ромб,1,0.55,7.0,5.0,3.9,80
,изумруд,4'2,18,октагон,1,0.52,5.0,4.4,3.6,160
,изумруд,4'3,18,багет,1,1.34,7.0,5.0,4.9,350
,изумруд,4'4,18,октагон,1,0.48,4.6,4.0,3.0,350
,изумруд,4'5,18,ашер,1,0.77,5.0,5.0,4.6,400
,изумруд,4'6,18,багет,1,1.78,8.9,5.1,4.8,90
,изумруд,4'7,18,октагон,1,1.82,7.3,6.7,5.5,100
,изумруд,4'8,18,багет,1,1.65,6.0,5.1,4.9,220
,изумруд,4'9,18,трапеция,1,3.75,4.7,9.1,5.0,15
,изумруд,5'1,13,круг,1,1.04,6.2,,5.0,250
,изумруд,5'10,18,треугольник,1,2.70,10.2,9.6,3.9,15
,изумруд,5'2,18,круг,1,1.33,6.8,,5.5,20
,изумруд,5'3,13,круг,1,0.48,4.6,,3.6,120
,изумруд,5'4,18,круг,1,0.52,5.1,,4.1,180
,изумруд,5'6,18,фантазийная,1,0.58,5.6,6.1,3.4,15
,изумруд,5'7,10,фантазийная,1,2.04,13.7,6.0,4.2,80
,изумруд,5'8,10,фантазийная,1,2.07,11.6,6.3,4.4,70
,изумруд,5'9,10,фантазийная,1,1.68,10.0,5.7,4.8,200
,изумруд,6'1,14,октагон,1,1.02,6.2,5.8,3.6,180
,изумруд,6'10,11,багет,1,0.64,6.0,4.1,3.0,80
,изумруд,6'3,15,багет,1,0.39,4.9,3.5,3.0,15
,изумруд,6'5,14,багет,1,0.50,5.1,3.4,3.5,120
,изумруд,6'6,11,багет,1,0.95,6.5,4.5,4.3,20
,изумруд,6'7,14,багет,1,0.33,5.5,3.0,2.2,200
,изумруд,6'8,14,багет,1,0.58,7.3,3.3,3.1,180
,изумруд,6'9,14,багет,1,0.63,5.4,4.0,3.3,180
,изумруд,7'1,14,принцесса,1,0.54,4.4,4.2,2.8,250
,изумруд,7'10,14,принцесса,1,0.25,3.7,3.3,2.5,120
,изумруд,7'2,11,октагон,1,0.46,5.9,3.9,2.5,200
,изумруд,7'3,11,октагон,1,0.99,6.1,5.2,4.5,50
,изумруд,7'4,15,фантазийная,1,0.92,9.2,4.0,3.5,150
,изумруд,7'6,14,принцесса,1,0.40,4.0,4.0,3.5,120
,изумруд,7'7,14,октагон,1,0.40,5.7,3.7,2.4,250
,изумруд,7'8,14,багет,1,0.71,6.5,4.3,3.1,180
,изумруд,7'9,4,багет,1,0.36,6.0,2.7,2.4,140
,изумруд,8'1,15,принцесса,1,0.28,4.1,3.8,2.5,50
,изумруд,8'10,15,багет,1,0.87,5.2,4.7,4.7,20
,изумруд,8'3,12,треугольник,1,0.36,5.8,5.0,3.0,60
,изумруд,8'4,14,принцесса,1,0.25,3.6,3.6,2.5,180
,изумруд,8'5,14,багет,1,0.30,5.0,3.0,2.6,200
,изумруд,8'6,14,круг,1,0.29,4.6,,2.3,120
,изумруд,8'7,14,багет,1,0.46,7.4,3.5,2.4,120
,изумруд,8'8,15,треугольник,1,0.28,6.1,4.8,2.5,100
,изумруд,8'9,14,багет,1,0.35,5.2,3.2,2.7,180
,изумруд,9'1,15,круг,1,0.64,5.8,,3.5,15
,изумруд,9'2,15,круг,1,0.56,5.5,,3.5,20
,изумруд,9'3,14,багет,1,0.27,4.4,3.0,2.8,250
,изумруд,9'4,14,багет,1,0.30,4.7,3.0,2.6,160
,изумруд,9'5,18,принцесса,1,0.27,3.6,3.6,2.8,150
,изумруд,9'6,15,багет,1,0.40,4.2,3.7,3.3,50
,изумруд,9'9,13,круг,7,1.29,3.6,,,350
,изумруд,А0,витрина,капля,1,1.04,,,,220
,изумруд,А1,больш,октагон,1,8.34,15.2,10.5,,1600
,,А10,,,,,,,,220
,изумруд,А11,4,ашер,1,1.63,7.3,6.7,5.1,100
,изумруд,А12,9,октагон,1,1.62,8.4,5.6,4.9,140
,изумруд,А13,11,октагон,1,1.50,8.2,6.2,4.2,100
,изумруд,А14,11,багет,1,1.32,8.0,5.2,4.0,90
,изумруд,А15,14,багет,1,1.15,6.5,5.7,4.1,120
,изумруд,А16,9,октагон,2,3.06,7.9,5.8,4.4,150
,изумруд,А17,9,октагон,1,1.01,8.0,5.6,3.0,220
,изумруд,А18,11,октагон,1,0.90,6.8,4.8,3.4,150
,изумруд,А19,11,октагон,1,0.90,6.3,4.7,4.1,200
,изумруд,А2 ,9,октагон,1,3.65,9.3,8.0,7.0,450
,изумруд,А20,14,октагон,1,0.87,6.9,4.9,3.2,180
,изумруд,А21,15,багет,1,1.35,7.2,5.3,4.5,20
,изумруд,А22,9,октагон,2,2.52,7.8,5.8,3.6,140
,,А23,раб,октагон,2,2.18,"7,8\7,9","6\5,95","2,8\2,78",160
,изумруд,А25,15,багет,1,2.38,9.4,6.5,4.9,20
,изумруд,А26,11,октагон,1,1.58,8.1,5.9,4.1,100
,изумруд,А27,14,багет,1,0.74,6.1,5.2,2.8,50
,изумруд,А28,9,багет,1,1.90,8.0,6.9,4.2,300
,изумруд,А29,9,октагон,1,2.96,9.9,6.5,6.1,150
,изумруд,А3,13,круг,1,0.55,5.5,,3.6,180
,изумруд,А30,14,октагон,1,2.20,11.9,5.2,4.5,160
,изумруд,А31,11,октагон,1,1.31,7.7,5.7,4.2,200
,изумруд,А33,11,октагон,1,1.64,7.9,5.9,4.0,200
,изумруд,А34,9,багет,1,2.04,7.8,7.6,,120
,изумруд,А35,11,октагон,1,1.98,9.8,6.5,4.1,200
,изумруд,А36,4,октагон,1,1.20,7.9,5.9,4.1,100
,изумруд,А37,18,октагон,1,0.87,6.6,4.8,3.3,90
,изумруд,А38,14,багет,1,0.93,7.3,3.2,3.1,180
,изумруд,А39,9,багет,1,0.69,6.0,4.1,3.6,400
,изумруд,А4 ,9,октагон,1,4.25,9.8,9.0,6.5,200
,изумруд,А40,9,октагон,1,2.46,7.7,7.3,6.4,240
,изумруд,А41,9,октагон,2,1.89,6.9,4.7,3.6,180
,изумруд,А42,11,октагон,1,1.45,8.0,5.9,3.9,100
,изумруд,А43,4,багет,1,2.22,14.3,4.9,3.5,40
,изумруд,А44,14,багет,1,0.40,5.5,3.2,3.0,100
,изумруд,А45,11,багет,1,0.93,6.9,4.4,3.9,20
,изумруд,А46,4,принцесса,1,0.35,4.0,4.1,3.0,100
,изумруд,А48,4,овал,1,1.36,9.4,6.3,5.3,40
,изумруд,А5,14,октагон,1,3.43,11.1,7.6,5.3,200
,изумруд,А50,14,октагон,1,0.74,6.9,5.0,2.4,400
,изумруд,А51,14,круг,1,0.34,4.6,,2.8,120
,изумруд,А52,15,круг,1,0.29,4.3,,2.8,50
,изумруд,А54,14,круг,1,0.40,4.6,,3.5,140
,изумруд,А55,14,октагон,1,2.00,8.2,6.0,5.1,160
,изумруд,А56,16,капля,2,0.61,5.8,3.8,,250
,изумруд,А57,9,ашер,2,1.39,5.5,5.5,3.6,200
,изумруд,А58,11,багет,1,0.60,5.3,4.1,3.4,200
,изумруд,А59,14,багет,1,0.80,6.0,4.5,4.0,150
,изумруд,А6,14,октагон,1,0.47,5.3,3.7,3.3,220
,изумруд,А60,4,багет,1,0.49,4.7,3.8,3.6,50
,изумруд,А61,9,багет,1,0.38,6.4,3.0,2.4,250
,изумруд,А62,4,багет,1,0.50,5.4,3.6,3.2,50
,изумруд,А63,12,капля,1,1.18,8.0,6.2,4.5,320
,изумруд,А64,16,капля,2,1.28,7.0,4.7,,250
,изумруд,А65,16,капля,2,0.77,5.9,3.8,,250
,изумруд,А66,16,капля,2,1.83,7.8,6.0,,320
,,А67,раб,капля,1,0.97,8.0,5.9,3.5,230
,изумруд,А68,16,капля,2,1.92,8.0,5.9,,380
,изумруд,А69,12,капля,2,1.50,8.1,5.8,3.1,160
,изумруд,А7 ,9,октагон,1,2.22,8.7,7.4,4.8,230
,изумруд,А70,11,овал,1,0.98,7.6,5.8,4.1,220
,изумруд,А71,9,багет,1,0.58,7.2,3.4,2.9,200
,изумруд,А72,20,сердце,1,0.74,6.3,6.6,,180
,изумруд,А73,13,круг,1,0.82,5.6,3.9,,250
,изумруд,А74,13,круг,1,0.62,5.5,,,250
,изумруд,А75,9,ашер,2,1.32,4.9,4.8,,200
,изумруд,А76,10,маркиз,1,1.14,10.8,5.4,3.5,360
,изумруд,А77,13,круг,1,1.12,7.3,,,240
,изумруд,А78,13,круг,1,0.56,5.9,,,360
,изумруд,А79,13,круг,1,0.67,6.0,,,350
,изумруд,А8,9,октагон,1,2.09,12.4,5.0,4.2,180
,изумруд,А80,13,круг,3,2.94,"7,4   7,2   6,8",,,440
,изумруд,А81,13,круг,3,2.18,"6,7   6,2   6,1",,,380
,изумруд,А82,13,круг,3,2.85,"7,5   6,7   6,6",,,400
,изумруд,А83,13,круг,1,1.13,7.1,,3.3,130
,изумруд,А84,16,капля,2,0.89,5.9,4.0,,280
,изумруд,А85,12,капля,2,0.89,6.0,3.9,3.1,300
,изумруд,А86,14,багет,1,0.30,4.9,3.1,2.4,120
,изумруд,А87,14,багет,1,0.39,4.3,3.7,3.2,120
,изумруд,А88,11,багет,1,0.48,4.4,4.1,3.5,40
,изумруд,А89,16,капля,2,1.32,7.0,5.0,,280
,изумруд,А9 ,18,октагон,1,4.28,12.0,6.6,6.7,1200
,изумруд,А90,16,капля,2,1.10,6.9,5.0,,280
,изумруд,А91,12,капля,1,0.65,6.9,5.0,3.2,260
,,А92,раб,капля,2,1.04,"7\6,9","5\4,7","2,8-2,9",200
,изумруд,А93,16,капля,2,1.33,7.0,5.0,,200
,изумруд,А94,16,капля,2,0.98,6.8,4.8,,250
,изумруд,А95,9,октагон,2,1.75,7.0,4.9,3.2,150
,изумруд,А96,16,капля,2,1.56,7.8,5.7,,260
,изумруд,А97,12,капля,2,1.10,7.0,5.0,2.4,180
,изумруд,А98,16,капля,2,1.20,7.0,4.9,,180
,изумруд,А99,16,капля,2,1.28,7.0,4.9,,260
,изумруд,Б1,4,овал,1,7.38,,,,10
,изумруд,Б10,4,овал,1,3.89,,,,10
,изумруд,Б11,4,фантазийная,1,1.78,,,,10
,изумруд,Б2,4,овал,1,9.99,,,,30
,изумруд,Б3,4,гексагон,1,7.66,,,,30
,изумруд,Б4,4,гексагон,1,7.44,,,,10
,изумруд,Б5,4,круг,1,3.84,,,,30
,изумруд,Б6,4,гексагон,1,6.43,,,,20
,изумруд,Б8,4,овал,1,4.57,,,,10
,гранат\ родолит,Г100,6,круг,7,2.10,3.7,,,50
,гранат\ родолит,Г101,6,круг,1,0.61,5.2,,3.1,70
,гранат\ родолит,Г102,6,круг,1,0.64,4.8,,3.4,80
,гранат\родолит,Г11,3,овал,9,4.28,5.0,4.0,,100
,гранат\ родолит,Г111,21,круг,20,2.69,2.9,,,50
,гранат\ родолит,Г113,6,круг,20,2.84,3.0,,,50
,гранат\ родолит,Г115,6,круг,16,2.63,3.1,,,50
,гранат\ родолит,Г116,6,круг,16,2.77,3.2,,,50
,гранат\ родолит,Г118,6,круг,16,3.23,3.3,,,5
,гранат\ родолит,Г12,6,овал,3,1.66,"6,65   5,65","4,2   3,7","3    2,7",60
,гранат\ родолит,Г120,6,круг,12,2.47,3.4,,,50
,гранат\ родолит,Г121,6,круг,16,3.55,3.5,,,50
,гранат\ родолит,Г122,6,круг,16,3.62,"3,5  3,6",,,50
,гранат\ родолит,Г123,6,круг,9,2.18,"3,6   3,7",,,50
,гранат\ родолит,Г124,6,круг,9,2.68,3.8,,,50
,гранат\ родолит,Г125,6,круг,8,2.48,"3,9   4",,,50
,гранат\ родолит,Г126,6,круг,4,1.64,"4,2   4,3",,,50
,гранат\ спесартин,Г127,3,круг,25,3.72,3.0,,,50
,гранат\ родолит,Г13,6,капля,3,1.69,"6,5   5,8","4,5   4","3,2   3",70
,гранат\ родолит,Г132,2,ашер,2,0.74,4.0,3.9,2.5,30
,гранат\ родолит,Г134,2,принцесса,2,1.13,4.4,4.4,2.6,60
,гранат\ родолит,Г135,2,багет,2,0.57,4.5,2.9,1.9,40
,гранат\ родолит,Г136,21,маркиз,2,0.72,6.6,3.2,2.3,50
,гранат\ родолит,Г137,,октагон,1,0.50,6.6,3.2,2.3,50
,гранат\ родолит,Г14,6,капля,3,1.02,"5,75   5,1","4,1   3,1","2,8   2,1",50
,гранат,Г144,мал,сердце,2,2.30,6.1,6.2,,100
,гранат,Г145,21,сердце,3,3.52,7.1,5.8,,50
,гранат,Г146,21,сердце,3,3.20,7.2,5.8,,50
,гранат,Г147,21,сердце,3,3.29,6.7,5.6,,50
,гранат,Г148,21,сердце,3,2.69,6.3,5.3,,50
,гранат,Г149,21,сердце,3,2.39,6.1,5.4,,50
,гранат\ родолит,Г15,2,октагон,3,1.94,7.1,3.6,2.5,50
,гранат,Г150,21,фантазийная,3,3.05,8.7,4.9,,50
,гранат,Г151,21,сердце,3,2.61,6.2,5.2,,50
,гранат,Г152,21,сердце,2,1.86,6.6,5.1,,50
,гранат,Г153,21,круг,9,9.69,6.0,3.2,,50
,гранат\ родолит,Г17,,трапеция,1,1.39,8.2,"5       3,6",3.6,60
,гранат\ родолит,Г18,,октагон,1,0.75,7.6,3.1,2.5,50
,гранат\ родолит,Г19,,трапеция,1,1.02,8.0,"4,2      2,8",3.3,50
,гранат\ родолит,Г2,6,фантазийная,3,2.12,"7,1   6,1","4,4   5","3,3   3,1",80
,гранат\ родолит,Г21,2,трапеция,1,0.86,7.0,"4,6   3,4",3.7,50
,гранат\ родолит,Г22,2,маркиз,2,0.77,7.2,3.4,2.2,60
,гранат\ родолит,Г23,6,круг,2,0.50,3.8,,,70
,гранат\ родолит,Г24,2,принцесса,2,0.41,3.2,3.2,2.2,25
,гранат\ родолит,Г3,,фантазийная,1,0.74,5.0,5.0,3.5,40
,гранат\ родолит,Г31,6,круг,36,3.42,2.5,,,10 за шт
,гранат\ родолит,Г34,6,круг,50,2.40,2.0,,,7 за 1 шт
,гранат\ родолит,Г36,6,круг,51,1.00,1.5,,,3 за 1 шт
,гранат\ родолит,Г4,6,фантазийная,1,0.95,6.7,5.7,3.8,80
,гранат\ спесартин,Г41,3,круг,16,5.36,4.0,,,50
,гранат\ родолит,Г43,21,капля,1,2.05,9.6,7.6,3.5,20
,гранат\ родолит,Г44,2,октагон,1,0.82,6.0,4.7,2.7,50
,гранат\ родолит,Г45,6,круг,2,0.99,"4,5   4,3",,,25
,гранат\ родолит,Г46,2,октагон,2,1.05,5.9,3.5,2.3,50
,гранат\ родолит,Г47,6,овал,2,1.27,5.9,4.0,3.0,70
,гранат\ родолит,Г48,2,капля,2,1.32,6.7,4.3,2.8,50
,гранат\ родолит,Г49,6,овал,3,1.12,"5,2   4,9","4   3,5","2,8   2",50
,гранат\ родолит,Г5,6,фантазийная,1,0.53,4.9,4.6,,50
,гранат\ родолит,Г50,2,маркиз,2,1.17,8.4,3.6,2.5,50
,гранат\ родолит,Г51,2,ашер,2,0.78,3.9,3.9,2.7,50
,гранат\ родолит,Г53,2,ашер,2,0.93,4.0,4.2,2.7,50
,гранат\ родолит,Г54,6,круг,2,0.70,"4   3,9",,,60
,гранат\ родолит,Г55,6,круг,2,0.87,"4,35   4,5",,,60
,гранат\ родолит,Г56,6,круг,2,0.67,4.0,,,50
,гранат\ родолит,Г58,6,круг,2,0.84,"4,25   4,35",,,50
,гранат\ родолит,Г59,6,капля,3,1.47,"6,3   5,5","4,5   3,6","3   2,5",60
,гранат\ родолит,Г6 ,6,фантазийная,1,0.37,4.2,,,60
,гранат\ родолит,Г60,6,овал,2,1.43,6.1,4.6,2.9,50
,гранат\ родолит,Г61,6,круг,2,0.86,4.3,,,50
,гранат\ родолит,Г62,21,капля,1,0.75,6.6,4.7,3.2,40
,гранат\ родолит,Г63,2,октагон,1,0.67,5.5,3.9,2.7,50
,гранат\ родолит,Г64,2,капля,1,0.41,5.7,4.1,2.4,50
,гранат\ родолит,Г65,21,капля,1,0.82,6.4,4.8,3.2,20
,гранат\ родолит,Г66,21,капля,1,0.61,6.1,4.1,2.7,40
,гранат\ родолит,Г67,,капля,1,0.69,6.4,4.6,2.9,30
,гранат\ родолит,Г68,6,овал,1,0.85,6.0,4.7,3.4,70
,гранат\ родолит,Г69,6,овал,1,0.50,5.0,4.0,2.8,50
,гранат\ родолит,Г70,2,октагон,1,0.70,5.5,4.1,2.8,35
,гранат\ родолит,Г71,2,октагон,1,0.43,4.7,3.7,2.2,35
,гранат\ родолит,Г72,2,октагон,1,0.40,4.7,3.6,2.1,40
,гранат\ родолит,Г73,21,маркиз,2,0.78,7.0,3.2,2.4,40
,гранат\ родолит,Г74,21,маркиз,2,0.35,5.2,2.3,1.7,30
,гранат\ родолит,Г75,2,маркиз,1,0.62,8.0,3.7,2.7,50
,гранат\ родолит,Г76,21,маркиз,1,0.70,7.4,3.9,2.8,40
,гранат\ родолит,Г77,2,треугольник,1,0.67,5.5,5.3,3.5,30
,гранат\ родолит,Г78,2,треугольник,1,0.46,4.9,4.9,3.2,30
,гранат\ родолит,Г79,2,принцесса,2,0.65,3.7,3.7,2.0,40
,гранат\ родолит,Г8 ,21,багет,1,0.47,4.2,3.7,3.0,30
,гранат\ родолит,Г80,21,принцесса,1,0.68,4.5,4.5,3.0,20
,гранат\ родолит,Г81,21,ашер,1,0.72,4.8,4.8,2.5,35
,гранат\ родолит,Г82,6,круг,3,1.27,"4,6   4",,,80
,гранат\ родолит,Г83,6,круг,2,1.07,4.8,,,50
,гранат\ родолит,Г84,6,круг,3,0.96,"4,7   4",,,50
,гранат\ родолит,Г85,6,круг,3,1.09,"4,3   3,8",,,70
,гранат\ родолит,Г86,6,круг,3,0.99,"4,6   3,9",,,70
,гранат\ родолит,Г87,6,круг,3,1.09,"4,5   3,8",,,70
,гранат\ родолит,Г88,6,круг,3,1.17,"5,2   3,6",,,70
,гранат\ родолит,Г89,6,круг,3,1.18,"4,4   4",,,70
,гранат\ родолит,Г9,6,овал,1,1.46,8.4,5.6,4.4,80
,гранат\ родолит,Г91,6,круг,3,0.76,"4   3,3",,,70
,гранат\ родолит,Г93,6,круг,3,0.94,3.8,,,40
,гранат\ родолит,Г94,6,круг,3,1.00,"3,9   4",,,60
,гранат\ родолит,Г95,6,круг,3,0.92,"4,2   3,8",,,70
,гранат\ родолит,Г96,6,круг,2,0.76,"4,25   4,15",,,50
,гранат\ родолит,Г97,6,круг,5,1.69,"3,8   3,9   4",,,80
,гранат\ родолит,Г98,6,круг,3,0.76,3.5,,,70
,агат,Д1,21,круг,25,1.42,2.4,,,2 за 1 шт
,изумруд,Е1,16,капля,2,1.15,7.0,5.0,,220
,изумруд,Е10,9,октагон,2,1.84,6.9,4.7,3.9,150
,изумруд,Е11,9,октагон,2,2.40,7.0,5.0,5.0,120
,изумруд,Е12,9,октагон,2,2.14,7.8,5.7,3.0,140
,изумруд,Е13,11,октагон,1,1.12,7.0,5.0,4.2,250
,изумруд,Е14,9,октагон,2,2.18,7.0,5.0,4.0,160
,,Е15,,,,,,,,180
,изумруд,Е16,16,капля,2,1.10,6.8,4.9,,280
,изумруд,Е17,16,капля,2,0.81,6.0,4.0,,240
,изумруд,Е18,16,капля,2,0.78,5.9,4.0,,230
,изумруд,Е19,12,капля,2,0.70,6.0,3.9,2.7,360
,изумруд,Е20,12,капля,2,0.78,6.0,4.0,2.3,280
,изумруд,Е21,12,капля,2,0.68,5.9,4.0,2.6,360
,изумруд,Е22,12,капля,1,0.64,7.2,5.0,3.1,360
,изумруд,Е23,12,капля,1,0.78,7.0,4.9,4.0,30
,изумруд,Е24,12,капля,1,0.58,6.7,4.8,3.5,280
,изумруд,Е25,16,капля,2,0.85,6.0,4.0,,250
,изумруд,Е26,12,капля,2,0.84,6.1,4.0,2.9,350
,изумруд,Е27,16,капля,2,0.82,5.8,4.0,,270
,изумруд,Е28,12,капля,2,0.79,6.1,4.0,2.5,380
,изумруд,Е3,9,октагон,2,1.16,6.6,4.5,2.5,180
,изумруд,Е30,12,капля,1,0.36,6.1,4.1,2.5,280
,изумруд,Е31,16,капля,2,0.66,5.8,4.0,,350
,изумруд,Е32,16,капля,2,0.76,6.0,3.9,,220
,изумруд,Е33,16,капля,2,0.79,5.9,3.9,,240
,изумруд,Е34,16,капля,2,0.65,5.9,4.0,,270
,изумруд,Е35,12,капля,2,0.88,8.0,4.0,3.1,180
,изумруд,Е36,16,капля,2,0.80,5.9,3.9,,180
,изумруд,Е37,16,капля,2,0.87,5.7,3.9,,220
,изумруд,Е38,12,капля,2,0.74,5.8,4.1,2.7,350
,изумруд,Е39,12,капля,2,0.85,5.8,4.0,2.9,200
,изумруд,Е4,9,октагон,2,1.76,7.0,4.9,3.3,140
,изумруд,Е40,12,капля,2,0.79,5.9,4.0,3.1,300
,изумруд,Е41,16,капля,2,0.72,5.9,3.9,,300
,изумруд,Е42,12,капля,2,0.67,6.0,3.7,2.5,400
,изумруд,Е43,16,капля,2,0.64,5.7,3.8,,280
,изумруд,Е44,16,капля,2,0.78,6.0,4.0,,260
,изумруд,Е45,16,капля,2,0.92,6.0,4.1,,220
,изумруд,Е46,16,капля,2,0.83,6.0,4.0,,260
,изумруд,Е47,16,капля,2,0.71,6.0,4.0,,230
,изумруд,Е48,16,капля,2,0.71,5.8,3.9,,270
,изумруд,Е49,16,капля,2,0.86,6.0,3.9,,250
,изумруд,Е5,9,октагон,2,1.78,6.8,4.7,3.4,120
,изумруд,Е50,15,капля,2,0.71,5.9,3.8,,250
,изумруд,Е51,12,капля,2,0.82,5.9,4.0,1.8,300
,изумруд,Е52,16,капля,2,0.53,5.7,3.7,,270
,изумруд,Е53,12,капля,2,0.75,6.2,4.0,2.5,300
,изумруд,Е54,16,капля,2,0.70,6.0,4.0,,270
,изумруд,Е55,16,капля,2,0.63,6.0,4.0,,330
,изумруд,Е56,12,капля,2,0.60,5.8,3.8,2.4,230
,изумруд,Е57,16,капля,2,0.80,5.9,4.0,,280
,изумруд,Е58,16,капля,2,0.66,5.9,4.0,,300
,изумруд,Е59,12,капля,2,0.65,6.1,3.9,2.5,280
,изумруд,Е6,9,октагон,2,1.63,6.8,4.7,3.3,200
,изумруд,Е60,16,капля,2,0.70,5.9,3.7,,280
,изумруд,Е61,10,маркиз,1,2.10,13.4,6.4,4.4,240
,изумруд,Е62,16,капля,2,0.78,5.8,4.0,,220
,,Е63,раб,капля,2,0.6,6\6,"3,7\3,7","2\2,3",100
,изумруд,Е64,12,капля,2,0.59,5.7,3.9,2.6,180
,изумруд,Е65,12,капля,2,0.61,5.9,3.9,2.6,300
,изумруд,Е66,16,капля,2,0.55,5.8,3.8,,270
,изумруд,Е67,16,капля,2,0.73,6.0,4.1,,230
,изумруд,Е68,12,капля,2,0.59,5.8,3.7,2.6,40
,изумруд,Е69,16,капля,2,0.69,5.9,3.8,,260
,изумруд,Е7,9,октагон,2,2.01,6.7,4.8,3.6,140
,изумруд,Е70,12,капля,1,0.33,5.9,3.9,2.4,260
,изумруд,Е71,12,капля,2,0.58,5.9,3.8,2.0,200
,изумруд,Е72,16,капля,2,0.86,6.0,4.0,,230
,изумруд,Е73,16,капля,2,0.89,5.8,3.9,,280
,изумруд,Е74,12,капля,2,0.63,5.7,3.9,2.1,300
,,Е75,,,,,,,,160
,изумруд,Е76,16,капля,2,0.81,6.1,4.0,,280
,изумруд,Е77,16,капля,2,0.73,5.9,3.9,,260
,изумруд,Е78,16,капля,2,0.58,6.1,3.8,,270
,изумруд,Е79,10,маркиз,1,1.26,11.0,5.5,3.0,70
,изумруд,Е8,9,октагон,2,1.94,7.2,5.0,3.0,180
,изумруд,Е80,18,октагон,1,1.15,6.8,4.8,4.5,150
,изумруд,Е81,11,октагон,1,1.17,7.5,5.3,3.6,200
,изумруд,Е82,9,октагон,1,1.72,7.8,5.7,4.9,180
,изумруд,Е83,9,октагон,1,0.92,7.2,5.8,3.2,200
,изумруд,Е84,9,октагон,1,1.01,7.0,5.0,3.5,180
,изумруд,Е85,16,капля,2,0.73,6.0,4.0,,180
,изумруд,Е86,16,капля,2,0.82,5.9,4.0,,280
,изумруд,Е87,16,капля,2,0.70,5.9,4.0,,220
,изумруд,Е88,4,октагон,1,1.18,7.8,5.6,3.6,50
,изумруд,Е89,4,ашер,1,1.04,6.4,6.5,3.6,100
,изумруд,Е9,9,октагон,2,1.86,7.0,4.9,3.3,120
,изумруд,Е90,12,капля,1,0.91,8.1,6.1,3.5,70
,изумруд,Е91,9,октагон,2,1.60,6.8,4.8,2.7,160
,изумруд,Е92,12,капля,1,0.38,6.4,4.1,2.7,250
,изумруд,Е93,14,октагон,1,1.75,8.6,6.8,3.9,80
,изумруд,Е94,18,октагон,1,0.72,5.8,4.6,3.5,140
,изумруд,Е95,9,ашер,1,0.48,4.5,4.5,3.5,40
,изумруд,Е96,16,капля,2,0.54,5.7,3.7,,280
,изумруд,Е97,18,октагон,1,0.68,6.6,4.7,2.8,100
,изумруд,Е98,18,октагон,1,0.63,6.0,4.9,2.8,60
,,Е99,,,,,,,,140
,танзанит,З1,1,овал,3,3.10,7.9,5.7,2.7,240
,танзанит,З10,1,овал,3,1.86,6.3,4.4,2.7,200
,танзанит,З2,1,круг,3,1.43,5.0,5.0,2.6,120
,танзанит,З4,1,овал,2,1.33,7.0,5.0,2.9,160
,танзанит,З6,1,овал,2,1.57,6.9,4.7,3.2,180
,танзанит,З7,1,овал,3,2.40,7.0,5.0,3.4,220
,танзанит,З9,1,овал,1,0.90,7.2,5.2,3.0,200
,изумруд,И1,12,капля,1,0.25,5.0,3.6,2.4,380
,изумруд,И10,12,капля,1,0.18,4.5,3.3,2.0,280
,изумруд,И100,13,круг,2,1.17,4.5,,,350
,изумруд,И102,13,круг,4,1.72,4.7,,,380
,изумруд,И103,13,круг,1,0.67,5.1,,,400
,изумруд,И104,13,круг,2,1.40,5.5,,,
,изумруд,И108,больш,октагон,1,7.30,15.9,8.7,,460
,изумруд,И11,14,круг,1,0.58,5.4,,3.8,160
,изумруд,И114,9,октагон,1,2.90,8.2,8.0,6.0,360
,изумруд,И115,9,октагон,1,1.30,5.9,6.6,4.2,240
,изумруд,И116,9,октагон,1,1.24,6.0,5.9,4.0,240
,изумруд,И118,9,октагон,1,1.85,7.8,7.0,4.7,250
,изумруд,И119,9,октагон,1,1.31,6.6,5.9,4.8,280
,изумруд,И12,10,маркиз,1,1.04,10.0,4.9,3.9,100
,изумруд,И120,9,октагон,1,1.32,6.4,7.7,4.0,230
,изумруд,И121,9,октагон,1,0.77,5.9,5.2,2.9,230
,изумруд,И122,9,октагон,1,1.29,6.4,6.3,4.0,280
,изумруд,И123,4,октагон,1,0.66,6.0,5.2,2.5,60
,изумруд,И124,4,октагон,1,0.62,6.7,4.5,2.4,180
,изумруд,И125,13,круг,2,0.56,4.3,,,200
,изумруд,И126,13,круг,2,0.56,4.2,,,240
,изумруд,И127,9,октагон,1,1.02,5.6,6.0,4.3,300
,изумруд,И128,9,октагон,1,1.84,8.4,6.0,4.8,300
,изумруд,И129,9,октагон,1,1.91,10.0,6.2,3.5,200
,изумруд,И13,10,маркиз,1,0.80,10.0,4.9,3.2,220
,изумруд,И130,8,маркиз,2,1.20,8.1,3.8,,240
,изумруд,И131,10,маркиз,2,1.09,8.1,3.9,2.6,120
,изумруд,И132,8,маркиз,2,0.91,8.0,3.9,,220
,изумруд,И133,8,маркиз,2,1.01,8.0,4.0,,250
,изумруд,И134,10,маркиз,2,1.05,8.0,3.9,2.6,100
,изумруд,И135,10,маркиз,2,1.05,8.0,3.9,2.9,90
,изумруд,И136,10,маркиз,2,1.02,8.0,3.7,3.1,220
,изумруд,И137,8,маркиз,2,0.81,8.1,3.8,,180
,изумруд,И138,10,маркиз,2,0.85,8.0,4.0,1.9,180
,изумруд,И139,10,маркиз,2,0.82,8.1,3.9,1.8,120
,изумруд,И14,10,маркиз,1,0.63,10.0,4.8,2.5,220
,изумруд,И140,10,маркиз,2,1.13,8.0,3.0,2.2,100
,изумруд,И141,10,маркиз,2,0.97,8.0,3.8,2.9,180
,изумруд,И142,10,маркиз,2,1.26,7.8,3.8,2.8,300
,изумруд,И143,10,маркиз,2,0.83,7.9,3.9,2.0,120
,изумруд,И144,10,маркиз,2,1.09,8.0,3.7,3.0,90
,изумруд,И145,10,маркиз,2,1.10,7.9,3.8,2.8,80
,изумруд,И146,10,маркиз,2,1.00,7.9,3.9,2.4,70
,изумруд,И147,10,маркиз,2,1.04,8.0,3.9,2.6,80
,изумруд,И148,10,маркиз,2,0.90,7.8,3.9,2.0,120
,изумруд,И149,10,маркиз,2,0.88,7.8,3.8,2.1,120
,изумруд,И15,10,маркиз,1,0.92,10.0,5.0,3.3,220
,изумруд,И150,10,маркиз,2,0.75,7.9,4.0,2.0,150
,изумруд,И151,8,маркиз,2,0.87,7.8,3.8,,300
,изумруд,И152,10,маркиз,2,1.09,7.9,3.9,2.8,120
,изумруд,И153,10,маркиз,3,0.89,7.1,3.4,2.1,250
,изумруд,И154,10,маркиз,3,1.02,7.0,3.5,2.1,180
,изумруд,И155,10,маркиз,3,1.06,7.0,3.4,2.4,200
,изумруд,И156,10,маркиз,3,0.89,7.1,3.4,2.0,220
,изумруд,И157,10,маркиз,2,0.67,7.0,3.3,1.9,120
,изумруд,И158,8,маркиз,2,0.79,7.0,3.3,,350
,изумруд,И159,8,маркиз,2,0.62,6.9,3.3,,250
,изумруд,И16,10,маркиз,1,1.18,10.2,5.2,3.9,90
,изумруд,И160,8,маркиз,2,0.59,7.0,3.4,,330
,изумруд,И161,8,маркиз,2,0.83,7.0,3.4,,300
,изумруд,И162,8,маркиз,2,0.76,7.0,3.3,,350
,изумруд,И163,10,маркиз,2,1.31,9.0,4.2,3.6,200
,изумруд,И164,10,маркиз,2,1.34,9.2,4.5,2.7,200
,изумруд,И167,11,овал,1,1.45,9.0,6.0,4.6,250
,изумруд,И168,11,овал,1,0.76,7.5,5.2,3.4,200
,изумруд,И169,9,октагон,1,1.18,6.2,6.0,4.3,250
,изумруд,И17,10,маркиз,1,0.86,10.2,4.8,3.2,240
,изумруд,И170,8,маркиз,2,0.97,7.9,3.8,,240
,изумруд,И171,14,октагон,1,1.56,7.7,7.3,3.6,220
,изумруд,И172,9,октагон,1,1.56,6.7,6.4,3.0,250
,изумруд,И173,9,октагон,1,1.32,7.5,6.9,2.9,250
,изумруд,И174,18,октагон,1,0.71,6.1,4.8,2.8,90
,изумруд,И175,10,маркиз,3,1.17,7.1,3.3,2.8,180
,изумруд,И176,8,маркиз,2,0.86,7.1,3.6,,300
,изумруд,И177,8,маркиз,2,0.77,7.0,3.5,,400
,изумруд,И178,8,маркиз,2,0.72,7.1,3.3,,360
,изумруд,И179,8,маркиз,2,1.11,7.1,3.5,,300
,изумруд,И18,10,маркиз,1,0.94,10.0,4.8,3.6,200
,изумруд,И180,8,маркиз,2,0.97,6.9,3.7,,280
,изумруд,И181,8,маркиз,2,0.78,7.0,3.6,,300
,изумруд,И182,8,маркиз,2,0.69,7.2,3.4,,250
,изумруд,И184,8,маркиз,2,1.04,7.0,3.5,,220
,изумруд,И185,8,маркиз,2,0.69,7.0,3.4,,350
,изумруд,И186,8,маркиз,2,0.51,6.8,3.3,,200
,изумруд,И187,8,маркиз,2,0.86,6.9,3.5,,330
,изумруд,И188,8,маркиз,2,0.65,6.8,3.4,,330
,изумруд,И189,8,маркиз,2,0.67,6.9,3.3,,280
,изумруд,И19,10,маркиз,1,0.74,10.0,4.8,3.0,90
,изумруд,И190,8,маркиз,2,0.52,6.9,3.3,,300
,изумруд,И191,8,маркиз,2,0.79,6.9,3.4,,280
,изумруд,И192,8,маркиз,2,0.50,7.0,3.3,,150
,изумруд,И193,8,маркиз,2,0.51,6.8,3.3,,300
,изумруд,И194,8,маркиз,2,0.62,6.7,3.5,,280
,изумруд,И195,8,маркиз,2,0.51,6.9,3.3,,350
,изумруд,И196,10,маркиз,3,1.03,7.0,3.4,2.5,250
,изумруд,И197,8,маркиз,2,0.61,6.9,3.4,,300
,изумруд,И198,8,маркиз,2,0.42,6.0,2.9,,300
,изумруд,И199,8,маркиз,2,0.66,"6,8   7","3,3   3,4",,350
,изумруд,И2,12,капля,1,0.26,5.8,3.9,1.9,120
,изумруд,И20,18,багет,1,0.75,6.6,3.8,,350
,изумруд,И200,8,маркиз,2,0.51,6.8,3.3,,200
,изумруд,И201,8,маркиз,2,0.71,6.8,3.4,,300
,изумруд,И202,8,маркиз,2,0.54,6.9,3.1,,180
,изумруд,И203,8,маркиз,2,0.77,6.8,3.4,,250
,изумруд,И204,8,маркиз,2,0.66,6.8,3.4,,300
,изумруд,И205,8,маркиз,2,0.50,6.1,3.0,,160
,изумруд,И206,8,маркиз,2,0.62,6.8,3.4,,200
,изумруд,И207,8,маркиз,2,0.50,6.1,3.0,,230
,изумруд,И208,8,маркиз,2,0.38,5.9,2.9,,300
,изумруд,И209,8,маркиз,2,0.48,6.1,2.9,,100
,изумруд,И21,10,маркиз,3,2.25,9.0,4.5,3.7,330
,изумруд,И210,8,маркиз,2,0.43,6.0,2.8,,120
,изумруд,И211,8,маркиз,2,0.47,6.0,2.9,,300
,изумруд,И212,8,маркиз,2,0.50,6.0,2.9,,200
,изумруд,И213,8,маркиз,2,0.46,6.0,3.0,,330
,изумруд,И214,8,маркиз,2,0.61,6.0,3.0,,240
,изумруд,И215,8,маркиз,2,0.39,6.0,2.8,,220
,изумруд,И216,8,маркиз,2,0.40,6.0,2.8,,80
,изумруд,И217,8,маркиз,2,0.40,5.9,2.9,,120
,изумруд,И218,8,маркиз,2,0.50,6.0,2.9,,250
,изумруд,И219,8,маркиз,2,0.41,5.9,2.8,,330
,изумруд,И22,10,маркиз,4,2.56,"9,8   9,1","4,8   4,3",,320
,изумруд,И220,4,маркиз,2,0.48,6.0,3.0,,240
,изумруд,И221,4,маркиз,2,0.43,5.9,2.9,,140
,изумруд,И222,4,маркиз,2,0.44,5.9,3.0,,200
,изумруд,И223,4,маркиз,2,0.53,5.9,2.9,,100
,изумруд,И224,4,маркиз,2,0.48,6.0,3.0,,120
,изумруд,И225,4,маркиз,2,0.49,6.0,3.0,,220
,изумруд,И226,4,маркиз,2,0.41,6.0,2.9,,250
,изумруд,И227,4,маркиз,2,0.40,5.9,2.8,,230
,изумруд,И228,4,маркиз,2,0.39,6.0,2.8,,250
,изумруд,И229,4,маркиз,2,0.49,6.0,3.0,,220
,,И23,,,,,,,,80
,изумруд,И230,4,маркиз,2,0.48,6.0,3.0,,220
,изумруд,И231,4,маркиз,2,0.35,5.9,2.8,,120
,изумруд,И232,4,маркиз,2,0.41,5.9,3.0,,250
,изумруд,И233,4,маркиз,2,0.49,6.0,2.8,,180
,изумруд,И234,4,маркиз,2,0.58,6.0,3.0,,200
,изумруд,И235,4,маркиз,2,0.46,6.2,3.0,,140
,изумруд,И236,4,маркиз,2,0.49,5.9,2.9,,230
,изумруд,И237,4,маркиз,2,0.44,6.0,2.8,,130
,изумруд,И238,4,маркиз,2,0.48,6.0,3.0,,160
,изумруд,И239,4,маркиз,3,0.81,5.8,2.8,,240
,изумруд,И24,10,маркиз,1,0.58,9.0,4.4,2.6,120
,изумруд,И240,4,маркиз,3,0.64,6.0,2.8,,160
,изумруд,И241,17,маркиз,2,0.61,6.0,2.8,,270
,изумруд,И242,4,маркиз,2,0.49,5.9,2.9,,160
,изумруд,И243,15,маркиз,2,0.52,6.0,3.0,,180
,изумруд,И244,15,маркиз,2,0.41,5.9,2.9,,200
,изумруд,И245,15,маркиз,2,0.37,6.0,2.7,,180
,изумруд,И246,4,маркиз,2,0.44,6.0,2.9,,120
,изумруд,И247,17,маркиз,2,0.36,5.9,2.9,,120
,изумруд,И248,4,маркиз,2,0.31,5.9,2.8,,100
,изумруд,И249,15,маркиз,2,0.40,6.0,3.0,,120
,изумруд,И25,14,капля,1,1.78,11.1,6.5,4.3,180
,изумруд,И250,4,маркиз,2,0.37,5.9,3.0,,120
,изумруд,И251,17,маркиз,2,0.32,5.9,2.7,,220
,изумруд,И252,17,маркиз,2,0.53,6.0,3.0,,80
,изумруд,И253,17,маркиз,2,0.55,5.9,3.1,,150
,изумруд,И254,4,маркиз,3,0.72,5.8,2.8,,140
,изумруд,И255,15,маркиз,2,0.55,5.9,3.0,,120
,изумруд,И256,15,маркиз,2,0.29,5.8,2.7,,150
,изумруд,И257,17,маркиз,2,0.41,5.9,2.9,,120
,изумруд,И258,17,маркиз,2,0.35,6.0,2.8,,180
,изумруд,И259,15,маркиз,2,0.41,6.0,2.9,,120
,изумруд,И26,18,багет,1,0.83,7.5,4.0,3.3,350
,изумруд,И260,17,маркиз,2,0.40,6.0,2.7,,120
,изумруд,И261,15,маркиз,2,0.45,5.9,2.8,,120
,изумруд,И262,12,маркиз,2,0.52,5.9,2.8,2.4,160
,изумруд,И263,4,маркиз,3,0.73,5.9,3.0,,100
,изумруд,И264,17,маркиз,2,0.52,6.0,3.0,,300
,изумруд,И265,17,маркиз,2,0.55,6.0,2.7,,270
,изумруд,И266,17,маркиз,2,0.51,5.9,2.7,,250
,изумруд,И267,15,маркиз,2,0.50,5.9,3.0,,200
,изумруд,И268,17,маркиз,3,0.85,5.9,2.8,,260
,изумруд,И269,17,маркиз,2,0.33,5.9,2.8,,280
,изумруд,И27,14,капля,1,0.75,7.1,4.2,3.8,120
,изумруд,И270,12,маркиз,2,0.45,6.0,2.8,2.0,250
,изумруд,И271,17,маркиз,2,0.37,6.0,2.7,,280
,изумруд,И272,17,маркиз,2,0.52,5.9,2.8,,270
,изумруд,И273,15,маркиз,2,0.42,5.9,2.8,,200
,изумруд,И274,17,маркиз,3,0.90,5.8,2.8,,220
,изумруд,И275,17,маркиз,3,0.96,6.0,3.1,,110
,изумруд,И276,17,маркиз,2,0.50,5.8,2.9,,140
,изумруд,И277,15,маркиз,2,0.60,6.0,3.0,,300
,изумруд,И278,15,маркиз,2,0.52,5.9,2.9,,120
,изумруд,И279,17,маркиз,3,0.65,6.0,3.0,,300
,изумруд,И280,17,маркиз,3,0.54,5.8,2.8,,260
,изумруд,И281,17,маркиз,3,0.61,5.8,3.0,,220
,изумруд,И282,17,маркиз,3,0.68,5.9,3.0,,140
,изумруд,И283,17,маркиз,2,0.54,6.0,3.0,,270
,изумруд,И284,17,маркиз,2,0.59,6.0,3.0,,200
,изумруд,И285,17,маркиз,2,0.43,5.8,2.9,,160
,изумруд,И286,17,маркиз,2,0.50,5.9,2.9,,180
,изумруд,И287,17,маркиз,2,0.54,6.0,2.9,,160
,изумруд,И288,17,маркиз,2,0.34,5.9,2.8,,250
,изумруд,И289,17,маркиз,2,0.46,6.0,2.9,,180
,изумруд,И290,17,маркиз,2,0.50,5.9,3.0,,300
,изумруд,И291,17,маркиз,2,0.38,6.0,3.0,,200
,изумруд,И292,17,маркиз,2,0.42,5.9,2.8,,180
,изумруд,И293,17,маркиз,2,0.49,5.8,3.0,,300
,изумруд,И294,15,маркиз,2,0.42,5.9,3.0,,150
,изумруд,И295,17,маркиз,2,0.50,6.0,3.0,,260
,изумруд,И296,17,маркиз,2,0.30,5.8,2.7,,300
,изумруд,И297,15,маркиз,2,0.39,5.8,2.8,,300
,изумруд,И298,17,маркиз,2,0.52,5.8,2.9,,150
,изумруд,И299,17,маркиз,2,0.43,5.8,2.8,,250
,изумруд,И3,12,капля,1,0.35,5.7,3.8,2.9,230
,изумруд,И300,15,маркиз,2,0.40,5.9,2.9,,220
,изумруд,И301,17,маркиз,2,0.53,5.9,2.9,,260
,изумруд,И302,15,маркиз,2,0.38,5.8,2.8,,300
,изумруд,И303,17,маркиз,2,0.43,5.8,2.8,,140
,изумруд,И304,15,маркиз,2,0.40,5.9,2.8,,240
,изумруд,И305,17,маркиз,2,0.41,5.9,3.0,,170
,изумруд,И306,15,маркиз,2,0.50,5.9,3.0,,140
,изумруд,И307,15,маркиз,2,0.42,5.8,2.9,,140
,изумруд,И308,15,маркиз,2,0.46,6.1,2.8,,140
,изумруд,И309,15,маркиз,2,0.41,5.9,2.8,,200
,изумруд,И310,15,маркиз,2,0.41,5.8,3.0,,100
,изумруд,И311,15,маркиз,2,0.51,6.0,3.1,,120
,изумруд,И312,15,маркиз,2,0.44,5.9,3.0,,120
,изумруд,И313,15,маркиз,2,0.42,5.9,3.0,,120
,изумруд,И314,15,маркиз,2,0.36,5.9,3.0,,140
,изумруд,И315,17,маркиз,3,0.70,5.9,3.0,,150
,изумруд,И316,17,маркиз,3,0.66,6.0,3.0,,100
,изумруд,И317,17,маркиз,3,0.80,6.0,3.0,,130
,изумруд,И318,17,маркиз,2,0.47,6.0,3.0,,180
,изумруд,И319,15,маркиз,2,0.50,6.0,3.0,,140
,изумруд,И320,15,маркиз,2,0.34,5.6,2.7,,220
,изумруд,И321,15,маркиз,2,0.39,5.9,3.0,,130
,изумруд,И322,15,маркиз,2,0.33,5.8,3.0,,100
,изумруд,И323,15,маркиз,2,0.36,6.0,2.7,,120
,изумруд,И324,15,маркиз,2,0.39,6.0,3.0,,120
,изумруд,И325,15,маркиз,2,0.40,5.9,3.0,,120
,изумруд,И326,17,маркиз,3,0.56,5.9,3.0,,140
,изумруд,И327,17,маркиз,3,0.70,6.0,3.0,,100
,изумруд,И328,17,маркиз,3,0.65,5.8,3.0,,130
,изумруд,И329,17,маркиз,3,0.53,5.8,2.8,,150
,изумруд,И330,15,маркиз,2,0.32,5.8,2.9,,120
,изумруд,И331,15,маркиз,2,0.30,5.8,2.8,,120
,изумруд,И332,17,маркиз,3,0.63,5.8,3.0,,230
,изумруд,И333,15,маркиз,2,0.40,5.7,2.7,,240
,изумруд,И334,15,маркиз,2,0.44,5.7,3.0,,130
,изумруд,И335,17,маркиз,3,0.46,5.8,2.9,,150
,изумруд,И336,17,маркиз,3,0.53,5.8,2.7,,150
,изумруд,И337,15,маркиз,2,0.45,5.8,3.0,,140
,изумруд,И338,15,маркиз,2,0.45,5.8,3.1,,150
,изумруд,И339,15,маркиз,2,0.41,5.9,2.8,,180
,изумруд,И340,15,маркиз,2,0.46,5.7,2.9,,180
,изумруд,И341,15,маркиз,2,0.38,5.7,2.9,,220
,изумруд,И342,12,маркиз,2,0.43,5.7,3.0,2.1,180
,изумруд,И343,12,маркиз,2,0.43,5.7,2.8,1.6,160
,изумруд,И344,17,маркиз,3,0.61,5.8,3.0,,240
,изумруд,И345,12,маркиз,2,0.32,5.7,2.8,1.9,300
,изумруд,И346,17,маркиз,3,0.56,5.7,2.9,,130
,изумруд,И347,12,маркиз,2,0.36,5.7,2.8,1.8,280
,изумруд,И348,12,маркиз,2,0.42,5.7,2.8,2.3,300
,изумруд,И349,11,овал,2,0.84,6.0,4.0,2.5,400
,изумруд,И350,11,овал,2,1.00,6.8,4.4,2.7,420
,изумруд,И351,11,овал,2,1.10,6.4,4.3,2.9,450
,изумруд,И352,11,овал,2,1.08,6.5,4.4,3.0,420
,изумруд,И353,11,овал,2,1.04,6.1,4.0,2.8,400
,изумруд,И354,11,овал,2,0.84,5.9,4.0,2.6,380
,изумруд,И355,11,овал,2,0.67,5.8,4.0,2.6,320
,изумруд,И356,11,овал,2,0.75,6.0,4.0,2.5,330
,изумруд,И357,11,овал,2,0.82,6.1,4.5,2.3,350
,изумруд,И358,11,овал,1,0.54,6.7,5.1,2.4,230
,изумруд,И359,11,овал,1,0.53,6.4,4.5,2.5,220
,изумруд,И360,11,овал,1,0.37,6.1,4.1,2.1,420
,изумруд,И361,11,овал,1,0.45,6.0,4.6,2.5,420
,изумруд,И364,11,маркиз,1,0.42,7.9,4.0,,220
,изумруд,И365,11,маркиз,1,0.33,7.1,3.6,,140
,изумруд,И366,11,маркиз,1,0.36,6.9,3.5,,180
,изумруд,И367,11,овал,1,0.38,5.2,4.2,2.9,110
,изумруд,И368,11,маркиз,1,0.29,7.1,3.1,,120
,изумруд,И369,11,овал,1,0.69,6.1,5.1,3.2,260
,изумруд,И4,12,капля,1,0.45,6.1,4.0,2.5,180
,изумруд,И410,10,маркиз,3,1.04,"7,5  6,7","3,8  3,5","2,6  2,3",250
,изумруд,И411,10,маркиз,3,1.07,"7,9  7,1","3,8  3,5","2,4  2,4",250
,изумруд,И412,11,маркиз,1,0.55,7.9,3.9,,330
,изумруд,И413,11,капля,1,0.51,6.9,4.9,,140
,изумруд,И414,11,капля,1,0.31,5.9,3.9,,140
,изумруд,И415,11,капля,1,0.42,6.4,3.1,,120
,изумруд,И416,13,круг,23,,1.2,,,
,изумруд,И417,13,круг,13,,1.3,,,
,изумруд,И418,13,круг,57,,1.4,,,
,изумруд,И419,13,круг,27,,1.5,,,
,изумруд,И420,13,круг,48,,1.6,,,
,изумруд,И421,13,круг,49,,1.7,,,
,изумруд,И422,13,круг,49,,1.8,,,
,изумруд,И423,13,круг,47,,1.9,,,
,изумруд,И424,13,круг,43,,2.0,,,
,изумруд,И425,13,круг,49,,2.1,,,
,изумруд,И426,13,круг,33,,2.2,,,
,изумруд,И427,13,круг,36,,2.3,,,
,изумруд,И428,13,круг,27,,2.4,,,
,изумруд,И429,13,круг,36,,2.5,,,
,изумруд,И430,13,круг,36,,2.6,,,
,изумруд,И431,13,круг,36,,2.7,,,
,изумруд,И432,13,круг,36,,2.8,,,
,изумруд,И433,13,круг,23,,2.9,,,
,изумруд,И434,13,круг,15,1.56,3.0,,,280
,изумруд,И435,13,круг,8,1.77,3.1,,,280
,изумруд,И436,13,круг,16,2.22,3.2,,,280
,изумруд,И437,13,круг,16,2.53,3.3,,,280
,изумруд,И440,20,принцесса,3,0.53,4      3,"3,1  2,8",,250
,изумруд,И441,20,принцесса,3,0.34,"3,4 2,8","2,5 2,4",,280
,изумруд,И442,20,багет,3,0.68,"4,8 4,4","2,6 2,4",,180
,изумруд,И443,20,багет,3,0.51,4.0,2.5,,70
,изумруд,И444,20,багет,3,0.48,"3,5   3,1","3,1   2,6",,80
,изумруд,И445,20,багет,3,0.50,"4   3,1","2,9 2,6",,200
,изумруд,И446,20,багет,3,0.83,3.7,3.1,,30
,изумруд,И447,20,багет,3,0.54,3.3,2.6,,30
,изумруд,И448,20,принцесса,2,0.57,3.9,3.5,,120
,изумруд,И449,20,багет,2,0.24,3.0,2.5,,50
,изумруд,И45,13,круг,16,2.80,3.5,,,300
,изумруд,И450,20,принцесса,2,0.25,2.7,2.8,,40
,изумруд,И451,20,принцесса,2,0.22,2.8,2.7,,40
,изумруд,И452,20,принцесса,2,0.31,3.1,3.0,,60
,изумруд,И453,20,багет,2,0.33,3.3,2.7,,80
,изумруд,И454,20,принцесса,2,0.23,2.9,2.5,,40
,изумруд,И455,20,принцесса,2,0.18,2.5,2.4,,40
,изумруд,И456,20,принцесса,2,0.38,3.0,3.3,,40
,изумруд,И457,20,принцесса,2,0.15,2.4,2.1,,30
,изумруд,И458,16,капля,2,1.08,6.9,4.9,,330
,изумруд,И459,11,маркиз,3,0.57,5.8,3.0,,330
,изумруд,И460,11,маркиз,2,0.35,5.7,2.9,,280
,изумруд,И461,20,сердце,3,2.58,"6,9   6","7,4   5,7",,850
,изумруд,И462,витрина,сердце,1,,,,,800
,изумруд,И463,20,сердце,3,1.57,"6,2   4,9","6,3   4,9",,800
,изумруд,И464,20,сердце,3,1.33,"5,5   4,8","5,6   4,9",,700
,изумруд,И465,20,сердце,3,2.18,"6,5   5,7","6,5   5,7",,750
,изумруд,И466,20,сердце,3,1.42,"5,8   4,7","6,2   4,5",,850
,изумруд,И467,20,сердце,3,1.26,"5,5   4,4","5,9   4,4",,600
,изумруд,И468,20,сердце,3,1.02,"5,1   4,3","5,1   4,2",,750
,изумруд,И469,20,сердце,3,0.94,"5,2   3,9","5,5   4",,750
,изумруд,И470,20,сердце,3,1.04,"5,5   3,8","5,5   4,1",,750
,изумруд,И471,20,сердце,3,0.98,"4,9   4,6","5,1   4,5",,600
,изумруд,И472,20,сердце,2,0.59,4.4,4.4,,600
,изумруд,И473,20,сердце,3,0.57,3.5,3.8,,500
,изумруд,И474,18,принцесса,1,0.43,4.4,4.8,3.1,220
,изумруд,И475,18,ашер,1,0.36,4.2,3.9,3.1,250
,изумруд,И476,20,сердце,1,1.58,7.5,8.0,,380
,изумруд,И477,20,сердце,1,1.84,7.6,8.2,,320
,изумруд,И478,20,сердце,1,1.11,6.8,7.7,,270
,изумруд,И479,20,сердце,1,1.36,6.9,7.2,,350
,изумруд,И480,20,сердце,1,1.39,7.1,7.6,,280
,изумруд,И481,20,сердце,1,1.25,6.8,7.3,,280
,изумруд,И482,20,сердце,1,1.13,6.7,6.8,,200
,изумруд,И483,20,сердце,1,0.98,6.0,6.6,,300
,изумруд,И484,20,сердце,1,0.85,6.1,7.1,,250
,изумруд,И485,20,сердце,1,0.96,6.5,6.4,,450
,изумруд,И486,20,сердце,1,0.89,6.2,6.4,,350
,изумруд,И487,20,сердце,1,0.80,6.1,6.3,,280
,изумруд,И488,20,сердце,1,0.73,6.2,6.5,,340
,изумруд,И489,20,сердце,1,0.87,6.5,6.7,,220
,изумруд,И49,13,круг,2,0.66,4.4,,,330
,изумруд,И490,20,сердце,1,0.72,5.9,6.2,,220
,изумруд,И491,20,сердце,1,0.62,5.6,5.8,,300
,изумруд,И492,20,сердце,1,0.59,6.0,6.2,,220
,изумруд,И493,20,принцесса,2,0.33,3.1,2.7,,40
,изумруд,И494,20,багет,2,0.42,4.7,2.6,,60
,изумруд,И495,20,багет,2,0.28,5.4,1.8,,40
,изумруд,И496,9,октагон,1,2.54,9.0,6.8,,260
,изумруд,И498,20,сердце,1,0.82,6.0,6.5,,200
,изумруд,И5,12,капля,1,0.50,6.0,3.9,3.4,200
,изумруд,И50,14,принцесса,1,1.32,6.3,6.7,4.3,250
,изумруд,И500,11,круг,3,0.58,"4,1    2,3",,,100
,изумруд,И501,11,круг,3,0.40,"3,8    2,9",,,150
,изумруд,И502,11,круг,3,0.59,4.2,3.5,,150
,изумруд,И503,11,круг,3,0.56,"4     3,3",,,80
,изумруд,И506,11,круг,3,0.28,3.1,2.9,,50
,изумруд,И507,11,фантазийная,2,0.70,5.1,3.5,,160
,изумруд,И508,11,круг,3,0.32,"3,3  2,9",,,110
,изумруд,И51,11,октагон,1,1.68,7.9,6.2,4.9,100
,изумруд,И510,11,круг,3,0.43,"3,8    3",,,80
,изумруд,И512,11,маркиз,3,0.88,7.1,5.9,,370
,изумруд,И513,11,маркиз,3,0.91,6.6,5.9,,280
,изумруд,И52,13,фантазийная,1,1.31,10.7,6.0,3.9,200
,изумруд,И53,14,треугольник,1,0.70,8.2,6.2,3.5,130
,изумруд,И54,8,маркиз,2,0.39,6.0,,,120
,изумруд,И55,10,маркиз,2,1.31,8.0,4.0,3.2,200
,изумруд,И56,10,маркиз,2,0.92,7.9,3.9,2.1,120
,изумруд,И57,10,маркиз,2,1.11,7.9,3.9,2.6,80
,изумруд,И58,10,маркиз,2,1.14,8.0,4.0,2.7,220
,изумруд,И59,10,маркиз,2,1.37,8.9,4.4,2.8,180
,изумруд,И6,12,капля,1,0.28,6.0,3.8,2.2,330
,изумруд,И60,10,маркиз,1,0.72,10.0,4.7,2.4,200
,изумруд,И61,10,маркиз,1,0.73,9.8,5.0,2.2,70
,изумруд,И62,11,октагон,1,1.14,8.0,5.8,2.6,180
,изумруд,И63,11,октагон,1,0.79,7.0,5.0,2.5,170
,изумруд,И64,11,октагон,1,0.81,6.8,4.9,2.8,160
,изумруд,И65,9,принцесса,1,0.48,4.2,4.3,3.4,250
,изумруд,И66,9,ашер,3,1.00,4.3,4.3,,200
,изумруд,И69,12,маркиз,2,0.51,5.7,3.0,2.3,160
,изумруд,И7,12,капля,1,0.41,6.0,3.8,3.2,260
,изумруд,И70,17,маркиз,2,0.62,6.0,2.8,,270
,изумруд,И71,12,маркиз,2,0.76,6.9,3.6,2.8,220
,изумруд,И72,12,маркиз,2,0.91,6.8,3.3,2.9,280
,изумруд,И73,12,маркиз,2,1.06,7.9,3.9,2.4,270
,изумруд,И74,12,маркиз,1,0.57,8.1,4.0,2.9,400
,изумруд,И8,12,капля,1,0.30,5.7,3.9,2.5,330
,изумруд,И89,13,круг,12,1.93,3.4,,,280
,изумруд,И9,12,капля,1,0.38,5.9,4.0,2.8,25
,изумруд,И90,13,круг,12,2.33,3.5,,,250
,изумруд,И91,13,круг,12,2.34,3.6,,,260
,изумруд,И92,13,круг,7,1.40,3.7,,,250
,изумруд,И93,13,круг,8,1.80,3.8,,,270
,изумруд,И94,13,круг,6,1.53,3.9,,,330
,изумруд,И95,13,круг,8,2.03,4.0,,,330
,изумруд,И96,13,круг,6,1.85,4.1,,,300
,изумруд,И97,13,круг,1,,4.2,,,320
,изумруд,И98,13,круг,3,0.98,4.3,,,320
,изумруд,И99,13,круг,6,2.09,4.4,,,350
,изумруд,К1,14,кабошон,2,1.56,5.8,,"3,2   2,5",10
,изумруд,К10,14,кабошон,1,12.01,18.3,13.5,6.6,20
,изумруд,К11,14,кабошон,1,2.73,8.0,,5.6,80
,изумруд,К12,4,кабошон,1,2.45,10.5,7.6,2.9,40
,изумруд,К13,14,кабошон,1,3.95,10.9,8.0,4.6,25
,изумруд,К14,14,кабошон,2,3.02,9.0,,4.0,25
,изумруд,К15,14,кабошон,1,1.98,8.7,,4.0,50
,изумруд,К16,4,багет,1,2.69,7.8,7.1,6.7,30
,изумруд,К17,4,кабошон,1,3.05,9.5,5.6,,30
,изумруд,К18,4,кабошон,1,8.90,16.7,8.3,6.2,30
,изумруд,К19,4,багет,1,5.71,15.0,8.0,4.8,40
,изумруд,К2,14,кабошон,2,1.92,"7,5   7,9",,3.2,15
,изумруд,К20,,кабошон,1,13.18,,,,40
,,К21,21,круг,2,9.01,10.7,,7.6,15
,кварц дымчатый,К22,3,круг,2,10.20,11.2,8.1,,15
,кварц дымчатый,К23,3,овал,2,10.69,13.6,9.6,,15
,кварц дымчатый,К24,21,принцесса,2,14.29,10.6,10.5,,10
,кварц дымчатый,К25,3,октагон,2,16.88,15.8,8.8,,15
,кварц дымчатый,К26,3,октагон,1,13.74,16.3,12.3,,15
,кварц дымчатый,К27,,ашер,1,3.81,9.8,9.9,,15
,параиба синт,К28,1,овал,1,3.57,8.9,7.1,,50
,,К29,5,круг,1,3.66,10.5,10.5,,8
,изумруд,К3,14,кабошон,2,2.85,"7,5   7,3",,"3   3,8",15
,,К30,5,круг,1,3.48,10.8,10.8,6.4,6
,,К31,5,ашер,1,6.32,13.2,13.4,,6
,,К32,5,овал,2,7.03,12.7,7.8,,6
,,К33,5,ашер,2,12.43,10.7,10.7,,6
,,К34,5,сердце,1,5.36,11.3,12.9,,8
,,К35,5,сердце,1,5.21,10.5,12.9,,6
,,К36,21,круг,1,7.22,13.5,,,6
,,К37,21,круг,1,4.24,10.8,,,6
,изумруд,К4,14,кабошон,2,2.26,"8,5   8,3",,"3,8   3",15
,изумруд,К5,14,кабошон,2,5.00,"12,8   12,5",,4.0,20
,изумруд,К6,14,кабошон,1,3.51,10.1,,4.8,15
,изумруд,К7,14,кабошон,1,3.58,11.6,8.1,4.4,20
,изумруд,К8,14,кабошон,1,5.64,11.5,9.2,6.1,20
,изумруд,К9,14,кабошон,1,3.72,13.5,9.5,3.5,15
,турмалин,Л1,21,октагон,1,1.11,6.8,4.9,,220
,могранит,М2,21,сердце,1,1.83,7.7,9.5,,160
,аквамарин,Н1,5,овал,1,2.02,9.3,7.6,4.9,50
,аквамарин,Н10,1,капля,1,2.32,10.1,8.2,5.0,60
,аквамарин,Н11,5,капля,1,2.31,11.0,8.2,5.0,25
,аквамарин,Н12,5,капля,1,1.08,8.6,6.0,3.8,50
,аквамарин,Н13,5,капля,1,0.86,8.2,5.5,3.5,30
,аквамарин,Н14,5,капля,1,0.87,8.3,5.5,3.5,50
,аквамарин,Н15,1,капля,1,1.01,7.9,6.0,4.2,50
,аквамарин,Н16,1,ашер,2,2.74,6.5,6.5,4.9,20
,аквамарин,Н17,5,октагон,1,1.09,5.6,6.5,4.4,30
,аквамарин,Н18,5,овал,1,1.65,8.6,6.9,4.8,40
,аквамарин,Н19,,принцесса,1,1.08,6.1,6.1,4.4,10
,аквамарин,Н2,1,багет,1,2.17,10.0,6.3,4.3,70
,аквамарин,Н20,,капля,1,1.75,,,,20
,аквамарин,Н21,5,багет,1,1.67,10.1,5.0,4.0,20
,аквамарин,Н22,5,капля,1,9.53,20.0,11.5,7.9,70
,аквамарин,Н23,5,октагон,1,2.58,10.0,7.0,5.0,40
,аквамарин,Н24,5,овал,1,1.53,8.7,6.7,4.3,80
,аквамарин,Н25,5,багет,1,1.65,7.5,6.1,4.9,10
,аквамарин,Н26,1,принцесса,1,1.04,6.1,6.0,4.1,40
,аквамарин,Н27,1,октагон,2,3.22,8.0,5.6,4.9,60
,аквамарин,Н28,1,октагон,2,3.38,7.9,5.7,5.3,60
,аквамарин,Н29,5,ромб,1,1.20,10.1,5.5,4.4,25
,аквамарин,Н3,1,овал,1,1.51,8.4,7.1,4.5,30
,аквамарин,Н30,5,овал,1,0.71,6.8,4.8,3.6,35
,аквамарин,Н31,1,сердце,1,1.21,7.8,7.0,4.5,80
,аквамарин,Н32,1,ашер,1,1.19,6.2,6.3,4.8,60
,аквамарин,Н33,1,ашер,1,1.08,5.7,5.9,4.6,35
,аквамарин,Н34,5,ашер,1,0.89,5.7,5.5,4.4,25
,аквамарин,Н35,5,октагон,1,4.34,13.7,7.7,,35
,аквамарин,Н36,5,октагон,1,1.90,9.8,5.7,,35
,аквамарин,Н37,5,овал,1,1.06,9.6,6.1,,20
,аквамарин,Н38,5,багет,1,1.26,7.8,4.8,,30
,аквамарин,Н39,5,октагон,1,0.70,5.8,4.4,,40
,аквамарин,Н4,1,октагон,1,2.06,10.6,6.7,4.0,50
,аквамарин,Н40,5,ашер,1,1.02,6.0,5.7,,25
,аквамарин,Н41,5,ашер,1,0.85,5.6,5.5,,25
,аквамарин,Н42,5,ашер,1,0.72,5.4,5.4,,25
,аквамарин,Н43,5,багет,1,0.46,5.0,4.0,,40
,аквамарин,Н44,1,ашер,3,2.01,"5,3\4,3","5,5\5,3",,45
,аквамарин,Н45,5,октагон,2,0.83,5.8,3.3,,25
,аквамарин,Н46,1,сердце,2,1.34,6.2,5.9,,35
,аквамарин,Н47,1,сердце,2,0.82,5.4,4.9,,40
,аквамарин,Н48,5,сердце,1,1.08,8.8,7.9,5.2,35
,аквамарин,Н49,1,ашер,1,0.64,5.1,5.1,3.5,35
,аквамарин,Н5,5,багет,1,2.70,9.7,6.9,5.1,25
,аквамарин,Н50,5,фантазийная,1,1.68,7.2,5.2,4.0,35
,аквамарин,Н51,1,круг,3,0.83,3.9,,,50
,аквамарин,Н52,1,круг,15,1.79,2.9,,,50
,аквамарин,Н53,1,круг,9,1.21,2.5,3.5,,50
,аквамарин,Н6,5,октагон,1,3.31,12.0,6.9,5.0,25
,аквамарин,Н7,5,октагон,2,2.80,8.7,5.2,4.2,100
,аквамарин,Н9,5,овал,1,1.62,9.1,6.7,4.4,80
,перидот,П1,21,сердце,3,6.29,8.9,8.7,,50
,перидот,П2,21,сердце,3,6.42,8.0,8.0,,50
,перидот,П3,21,сердце,3,6.28,8.0,8.0,,50
,перидот,П4,21,сердце,3,6.01,8.0,8.0,,50
,перидот,П5,21,сердце,3,6.66,8.0,8.1,,50
,перидот,П6,21,сердце,3,6.11,8.1,8.0,,50
,перидот,П7,21,сердце,3,5.75,8.0,8.0,,50
,перидот,П8,21,сердце,2,3.86,7.8,7.7,,50
,перидот,П9,21,сердце,2,4.07,8.0,8.0,,50
,циркон,Р1,мал,капля,,4.08,8.1,5.7,,200
,циркон,Р3,,фантазийная,2,1.47,4.9,4.9,,200
,сапфир,С1,7,овал,1,7.18,12.5,9.3,6.4,20
,сапфир,С10,7,пентагон,1,1.40,6.7,6.4,4.7,10
,сапфир,С103,5,овал,9,3.80,5.0,4.0,,100
,сапфир,С104,19,овал,1,0.61,5.9,5.0,2.1,100
,сапфир,С106,7,овал,1,1.35,7.6,5.1,4.0,70
,сапфир,С107,5,овал,1,0.62,5.3,4.4,3.0,100
,сапфир,С108,5,капля,2,0.54,4.9,3.8,1.6,60
,сапфир,С109,7,круг,4,2.93,5.0,,,50
,сапфир,С11,7,овал,1,0.95,6.2,4.9,3.3,70
,сапфир,С110,7,круг,3,2.11,"5,8   4,6",,,30
,сапфир,С111,7,круг,3,3.71,"6,5   5,9",,,15
,сапфир,С112,7,круг,3,1.98,"5,8  4,4",,,30
,сапфир,С113,7,круг,3,2.34,6      5,,,20
,сапфир,С114,19,круг,3,2.43,5.5,,,40
,сапфир,С115,7,круг,3,2.17,"5,5   4,7",,,20
,сапфир,С116,19,круг,3,1.74,4.9,,,50
,сапфир,С117,7,круг,3,1.65,"5,1   4,3",,,20
,сапфир,С118,19,круг,3,2.26,5.6,,,40
,сапфир,С119,19,круг,3,2.02,5.3,,,50
,сапфир,С12,7,овал,1,3.82,10.5,8.5,4.2,10
,сапфир,С120,19,круг,3,1.67,4.9,,,40
,сапфир,С121,7,круг,3,2.94,"6,5    5",,,20
,сапфир,С122,19,круг,3,2.36,6.0,,,50
,сапфир,С123,7,круг,3,1.45,"5      3,9",,,20
,сапфир,С124,19,круг,3,1.83,5.5,,,40
,сапфир,С125,7,круг,3,1.30,"4,8  3,8",,,40
,сапфир,С126,7,круг,5,1.69,3.8,,,50
,сапфир,С127,7,овал,1,1.41,7.8,4.9,3.8,70
,сапфир,С128,7,овал,1,1.20,7.5,5.1,3.6,10
,сапфир,С129,7,овал,1,1.81,8.4,6.6,2.7,10
,сапфир,С13,7,овал,2,3.91,8.8,7.1,3.0,10
,сапфир,С130,5,овал,1,2.04,8.1,5.9,,160
,сапфир,С131,5,овал,1,1.71,7.6,5.6,,160
,сапфир,С132,5,овал,1,2.14,8.1,6.2,,160
,сапфир,С133,5,овал,1,2.29,8.1,6.1,,160
,сапфир,С134,19,круг,3,1.00,4.3,,,60
,сапфир,С135,19,круг,3,1.24,4.9,,,70
,сапфир,С136,19,круг,3,0.70,4.1,,,60
,сапфир,С137,19,круг,3,0.81,4.5,,,60
,сапфир,С138,19,круг,3,0.82,3.9,,,100
,сапфир,С139,19,круг,3,0.75,4.3,,,80
,сапфир,С14,19,овал,1,5.71,11.9,8.7,,80
,сапфир,С140,19,овал,5,1.46,4.9,3.1,,120
,сапфир,С142,19,овал,16,2.90,3.9,3.0,,120
,сапфир,С145,19,кушон,1,4.18,10.9,9.4,,160
,сапфир,С146,5,овал,3,7.14,8.9,7.0,,450
,сапфир,С15,19,овал,1,3.36,9.7,7.8,,420
,сапфир,С16,19,овал,1,2.58,9.2,7.3,,60
,сапфир,С17,19,овал,1,3.87,11.0,7.7,,100
,сапфир,С18,19,овал,1,3.31,10.8,6.8,,90
,сапфир,С19,7,овал,1,1.30,9.0,5.0,,60
,сапфир,С20,7,октагон,1,3.61,8.3,6.4,5.7,10
,сапфир,С22,19,овал,1,3.23,11.4,9.1,,80
,сапфир,С23,19,овал,1,5.00,12.1,9.5,,60
,сапфир,С24,19,овал,1,6.85,12.7,9.8,,80
,сапфир,С25,19,овал,1,5.25,12.3,8.9,,120
,сапфир,С26,19,овал,1,3.60,10.7,7.7,,440
,сапфир,С28,19,сердце,1,4.20,9.8,9.6,,480
,сапфир,С29,19,овал,1,5.00,12.5,9.1,,60
,сапфир,С3,7,принцесса,1,0.58,4.6,4.3,3.1,20
,сапфир,С30,19,овал,1,5.00,12.8,8.1,,80
,сапфир,С31,5,овал,1,4.53,8.2,6.0,,110
,сапфир,С32,19,овал,1,1.67,8.5,5.5,,140
,сапфир,С33,19,сердце,1,1.44,7.2,6.9,,180
,сапфир,С34,5,овал,1,0.46,11.1,9.1,,120
,сапфир,С35,19,круг,4,1.40,,,,200
,сапфир,С36,19,ашер,1,1.36,5.9,5.8,,120
,сапфир,С37,19,кушон,1,2.13,8.6,8.2,,60
,сапфир,С38,19,овал,1,4.53,11.0,8.6,,320
,сапфир,С39,19,кушон,1,4.43,10.7,9.1,,100
,сапфир,С40,19,овал,1,3.26,9.7,7.8,,80
,сапфир,С41,19,кушон,1,1.99,8.0,6.8,,220
,сапфир,С42,19,овал,1,2.81,9.8,6.7,,260
,сапфир,С43,19,овал,1,4.44,10.8,8.9,,200
,сапфир,С44,19,октагон,1,2.89,7.7,6.9,,180
,сапфир,С45,19,овал,1,2.68,9.0,6.8,,300
,сапфир,С46,19,овал,1,2.82,10.2,6.7,,140
,сапфир,С47,19,овал,1,2.69,9.5,6.8,,100
,сапфир,С48,19,кушон,2,7.97,10.7,8.9,,160
,сапфир,С49,19,овал,1,2.21,9.7,6.5,,460
,сапфир,С5,7,овал,1,2.57,8.6,7.1,5.5,10
,сапфир,С50,19,овал,1,2.51,9.4,7.2,,120
,сапфир,С51,7,овал,2,1.77,7.1,4.2,3.1,25
,сапфир,С52,7,овал,2,4.50,8.7,7.4,4.5,10
,сапфир,С53,7,овал,1,2.32,9.2,7.8,4.0,10
,сапфир,С54,7,овал,1,2.48,8.8,8.1,4.2,10
,сапфир,С55,7,капля,1,2.65,10.0,7.2,4.5,10
,сапфир,С56,7,капля,1,2.67,10.0,7.2,4.5,15
,сапфир,С57,7,сердце,1,2.65,8.7,8.5,5.2,10
,сапфир,С58,7,круг,1,2.67,8.6,,3.9,10
,сапфир,С59,7,круг,1,2.74,8.7,,3.9,10
,сапфир,С60,7,круг,1,1.41,6.4,,4.2,10
,сапфир,С61,7,овал,1,2.31,8.7,6.7,4.5,10
,сапфир,С62,7,овал,1,2.39,8.8,6.8,4.5,10
,сапфир,С63,7,маркиз,1,2.23,11.8,6.0,4.1,10
,сапфир,С64,7,октагон,1,1.50,7.4,4.6,3.9,50
,сапфир,С65,7,круг,1,2.11,7.4,,5.0,10
,сапфир,С66,7,круг,2,1.70,5.5,,3.3,15
,сапфир,С67,5,круг,1,1.45,6.6,,3.9,20
,сапфир,С68,7,круг,1,1.60,6.9,,4.6,10
,сапфир,С69,7,круг,1,1.34,6.3,,4.3,10
,сапфир,С7,7,фантазийная,2,3.21,7.4,6.1,5.0,10
,сапфир,С70,19,круг,1,0.50,4.4,,,50
,сапфир,С71,7,круг,1,1.35,6.2,,4.4,10
,сапфир,С72,7,круг,1,1.70,5.7,,4.1,15
,сапфир,С73,7,круг,1,0.89,5.6,,3.8,10
,сапфир,С74,7,круг,1,0.58,4.9,,3.0,15
,сапфир,С75,7,круг,1,1.10,5.9,,4.0,10
,сапфир,С76,7,октагон,1,2.32,10.0,4.6,4.1,10
,сапфир,С77,7,маркиз,2,1.96,9.2,4.4,3.2,10
,сапфир,С79,7,кабошон,2,6.57,8.5,7.1,,10
,сапфир,С8,7,круг,2,3.52,7.4,,4.4,10
,сапфир,С80,21,овал,9,4.33,5.0,4.0,,100
,сапфир,С82,21,овал,9,4.85,4.8,3.9,,100
,сапфир,С85,3,капля,7,2.74,5.0,4.0,,100
,сапфир,С86,19,овал,9,3.50,4.8,3.7,,100
,сапфир,С88,19,овал,9,3.63,5.0,3.8,,100
,сапфир,С9,7,фантазийная,1,1.91,7.9,7.7,5.2,10
,сапфир,С90,19,овал,7,4.20,4.8,3.8,,100
,сапфир,С92,3,овал,9,3.92,5.0,4.0,,100
,сапфир,С93,3,овал,9,4.27,5.0,4.0,,100
,сапфир,С96,3,овал,9,3.69,5.0,4.0,,100
,сапфир,С98,3,овал,9,4.35,5.0,4.0,,100
,апатит,Т1 ,1,трапеция,1,2.50,8.6,7.6,6.2,160
,апатит,Т10,1,сердце,1,5.00,10.0,10.0,6.9,160
,апатит,Т11,1,сердце,1,1.67,7.2,7.6,4.6,150
,апатит,Т12,1,сердце,1,1.49,6.8,8.9,4.5,120
,апатит,Т13,1,сердце,1,1.94,7.2,9.3,4.7,140
,апатит,Т14,1,сердце,1,2.61,8.2,9.6,5.0,170
,апатит,Т15,1,овал,1,1.69,9.9,6.2,4.1,180
,апатит,Т16,1,капля,1,3.35,11.9,8.1,5.0,180
,апатит,Т17,1,октагон,1,4.15,11.2,7.8,5.0,120
,апатит,Т18,1,капля,1,1.76,10.6,6.9,4.4,130
,апатит,Т19,1,октагон,1,3.18,8.5,7.3,6.0,180
,апатит,Т2,1,сердце,1,2.42,8.0,8.6,5.3,180
,апатит,Т20,1,капля,1,1.13,8.1,5.5,3.7,150
,апатит,Т21,1,октагон,1,1.11,6.5,5.0,3.9,120
,апатит,Т22,1,капля,1,0.80,8.1,4.7,3.2,100
,апатит,Т23,1,октагон,1,1.25,6.2,5.6,4.4,180
,апатит,Т24,1,капля,1,1.15,7.4,5.9,3.4,120
,апатит,Т25,1,багет,1,0.94,6.3,4.6,3.6,120
,апатит,Т26,1,круг,1,0.96,6.4,6.4,3.9,120
,апатит,Т27,1,ашер,1,1.41,6.3,6.1,4.7,200
,апатит,Т28,1,круг,1,0.92,5.8,,3.7,150
,апатит,Т29,1,круг,3,1.51,5.0,5.0,2.9,160
,апатит,Т30,1,сердце,1,1.95,7.6,8.9,4.5,160
,апатит,Т31,1,сердце,1,2.33,8.0,8.7,5.2,160
,апатит,Т32,1,ашер,1,0.51,4.9,4.9,3.0,100
,топаз,Т33,1,овал,1,6.40,12.0,10.0,6.9,15
,апатит,Т34,1,круг,1,0.47,4.7,4.7,3.2,80
,апатит,Т35,1,ашер,3,1.09,"4,2            3,6","4,2           3,6","3,3          2,8",140
,апатит,Т36,1,ашер,1,1.55,6.0,6.3,4.4,150
,апатит,Т37,1,октагон,1,1.37,5.6,6.5,4.8,120
,апатит,Т4,1,сердце,1,3.46,9.7,9.7,5.7,200
,апатит,Т5,1,сердце,1,2.16,9.0,7.5,5.0,180
,апатит,Т6,1,сердце,1,2.84,8.5,8.7,5.9,160
,апатит,Т9,1,сердце,1,4.97,10.0,10.4,6.9,160
,аметист,Ф1,2,сердце,1,3.82,11.0,11.7,6.8,25
,аквамарин,Ф10,2,овал,9,3.12,5.0,4.0,,25
,аметист,Ф11,витрина,сердце,1,1.09,,,,50
,аметист,Ф12,2,сердце,1,1.81,8.7,8.7,5.0,25
,аметист,Ф13,2,ашер,1,2.06,7.4,7.3,6.1,10
,аметист,Ф14,2,ашер,1,1.66,7.3,7.4,5.4,15
,аметист,Ф15,2,ашер,1,2.05,7.5,7.4,5.5,10
,аметист,Ф16,2,ашер,1,2.41,8.1,8.1,5.5,15
,аметист,Ф17,2,круг,1,2.60,9.1,,5.8,10
,аметист,Ф18,больш,кушон,1,13.03,16.3,16.3,,6
,аметист,Ф19,2,фантазийная,1,4.52,13.0,10.0,7.0,20
,аметист,Ф2,2,сердце,1,2.96,9.6,10.3,6.4,15
,аметист,Ф20,2,круг,1,1.06,6.6,6.6,4.6,25
,аметист,Ф21,2,круг,1,1.43,7.3,7.3,4.9,25
,аметист,Ф22,2,круг,1,2.32,8.8,8.8,5.7,25
,аметист,Ф23,2,круг,1,2.44,9.0,9.0,5.7,25
,аметист,Ф24,2,ашер,2,3.08,6.9,6.9,5.0,20
,аметист,Ф25,2,ашер,2,3.34,6.8,6.8,5.2,25
,аметист,Ф26,2,ашер,3,3.21,5.8,5.8,4.8,25
,аметист,Ф27,2,ашер,2,3.33,7.0,7.0,5.5,25
,аметист,Ф28,2,ашер,2,2.17,5.9,5.9,4.7,30
,аметист,Ф29,2,ашер,1,2.43,7.8,7.7,6.5,30
,аметист,Ф3,2,сердце,1,2.84,10.2,9.8,6.2,15
,аметист,Ф30,2,ашер,1,1.06,6.0,5.8,5.0,10
,аметист,Ф31,2,ашер,1,1.07,5.8,5.9,4.7,10
,аметист,Ф32,2,ашер,1,1.98,7.8,7.7,,15
,аметист,Ф33,2,ашер,1,1.52,6.5,6.6,,25
,аметист,Ф34,2,ашер,1,1.06,5.7,5.7,,25
,аметист,Ф35,2,ашер,1,0.96,5.9,5.9,,25
,аметист,Ф4,2,сердце,1,2.57,9.2,9.6,5.8,25
,аметист,Ф5,2,сердце,1,1.92,8.8,8.8,5.2,25
,аметист,Ф6,2,сердце,1,1.78,8.5,8.7,5.1,15
,аметист,Ф7,2,сердце,1,1.50,8.0,8.2,4.8,20
,аметист,Ф8,2,овал,5,5.24,7.9,6.0,3.8,20
,аметист,Ф9,больш,капля,2,12.73,17.4,10.1,,15
,цитрин,Ц10,3,круг,3,7.05,9.0,9.0,5.8,25
,цитрин,Ц11,3,круг,36,3.35,2.9,2.9,1.8,30
,цитрин,Ц13,3,круг,15,3.78,4.0,4.0,2.7,25
,цитрин,Ц17,3,круг,23,3.96,3.5,3.5,2.1,30
,цитрин,Ц2,3,круг,9,3.90,5.0,5.0,2.7,25
,цитрин,Ц21,3,круг,9,6.92,6.0,6.0,,25
,цитрин,Ц23,3,круг,9,10.77,7.0,7.0,4.7,25
,цитрин,Ц29,3,круг,5,8.66,8.0,8.0,5.5,25
,цитрин,Ц31,3,сердце,1,2.10,9.1,9.2,5.5,30
,цитрин,Ц32,3,сердце,1,1.58,8.2,8.3,5.0,30
,цитрин,Ц33,3,сердце,1,1.02,6.6,7.2,4.4,25
,цитрин,Ц34,3,сердце,1,2.16,8.3,8.1,6.2,30
,цитрин,Ц35,3,сердце,1,3.80,11.3,9.8,7.1,30
,цитрин,Ц36,3,сердце,2,2.45,7.7,6.9,4.8,25
,цитрин,Ц37,3,сердце,1,2.98,9.7,9.7,6.4,30
,цитрин,Ц38,3,сердце,1,2.73,9.9,9.1,5.6,25
,цитрин,Ц39,3,сердце,1,2.03,8.6,8.6,5.4,30
,цитрин,Ц40,3,сердце,1,1.73,8.8,8.9,4.2,30
,цитрин,Ц41,3,сердце,1,1.57,8.3,7.9,5.1,30
,цитрин,Ц42,3,ашер,3,5.72,"8,5   6,8","8,6   6,9","5,9     5",20
,цитрин,Ц45,3,сердце,2,1.46,6.6,5.8,3.8,20
,цитрин,Ц46,3,гексагон,1,2.85,8.7,8.9,6.7,30
,цитрин,Ц47,3,капля,2,3.55,10.2,7.1,4.8,25
,цитрин,Ц48,3,капля,1,7.94,17.6,11.4,8.0,20
,цитрин,Ц49,3,сердце,2,1.82,6.8,6.7,4.0,30
,цитрин,Ц50,3,ашер,3,2.70,"5,7   5,5","5,8   5,7","4,5   4,3",25
,цитрин,Ц51,больш,круг,1,22.80,17.8,18.4,2.5,6
,цитрин,Ц52,3,круг,1,5.41,12.0,12.0,7.8,30
,цитрин,Ц55,3,сердце,3,1.21,5.2,4.8,3.5,25
,цитрин,Ц56,3,сердце,3,1.21,5.6,5.4,,20
,цитрин,Ц57,3,сердце,3,1.43,6.4,6.0,,20
,цитрин,Ц58,3,сердце,3,1.72,7.3,6.6,,20
,цитрин,Ц59,3,сердце,4,1.83,6.5,6.3,,20
,цитрин,Ц60,3,сердце,1,2.44,9.8,8.7,,20
,цитрин,Ц61,3,сердце,2,1.41,6.6,5.9,,20
,цитрин,Ц62,3,сердце,3,1.37,6.4,5.6,,20
,цитрин,Ц63,3,сердце,3,1.45,7.1,6.6,,20
,цитрин,Ц64,3,сердце,3,1.27,6.3,5.8,,20
,цитрин,Ц71,3,ашер,3,2.11,5.8,4.9,,20
,цитрин,Ц72,3,ашер,3,1.43,5.0,5.1,,20
,цитрин,Ц73,3,ашер,3,1.01,4.5,4.6,,20
,цитрин,Ц76,3,круг,2,2.36,6.80,,,20
,,Я 4хлист,раб,маркиз,8,1.70,6.0,3.0,,
,,Я бабочка,раб,маркиз,3,1.57,,,,
,,Я ветка,раб,маркиз,16,3.55,,,,